{
  "CHAPEL-EN-LE-FRITH": [
    53.3232509,
    -1.9148352
  ],
  "MACCLESFIELD": [
    53.2606635,
    -2.1255158
  ],
  "DERBYSHIRE": [
    53.1185033,
    -1.5566179
  ],
  "WIDNES": [
    53.3646888,
    -2.7283328
  ],
  "WARRINGTON": [
    53.4018582,
    -2.5680224
  ],
  "LIVERPOOL": [
    53.4071991,
    -2.99168
  ],
  "WOOLFALL HEATH AVENUE": [
    53.4241452,
    -2.8520538
  ],
  "SAINT HELENS": [
    51.7591718,
    -1.2104763
  ],
  "HYDE": [
    53.4508687,
    -2.0782603
  ],
  "REGENCY WAY": [
    51.4597357,
    0.1290299
  ],
  "MOSSLEY": [
    53.5130582,
    -2.0358291
  ],
  "APPLETON": [
    53.3556014,
    -2.5774257
  ],
  "RUNCORN": [
    53.3421509,
    -2.7334941
  ],
  "LANCASHIRE": [
    53.8611712,
    -2.5650945
  ],
  "STOCKTON HEATH, WARRINGTON": [
    53.3725455,
    -2.5744227
  ],
  "MANCHESTER": [
    53.4794892,
    -2.2451148
  ]
}